,col1,col2,col3,col4,col5,States
A,-0.1643170834168926,0.47201615688224635,-1.5977023404994128,-2.2710535829343916,-1.1022083190501313,CA
B,-0.8284536184436094,0.13662858593042648,0.2657166000168876,0.22226812741256957,-0.31004053985854374,NY
C,-0.41179636377140005,-0.40763962885976723,-1.4656406481672073,-0.2106023303261808,-0.22396555696519566,VN
D,-0.13429794005686324,0.15597654753651288,-0.34346358375683445,-0.2959596890947519,-0.7174119763968932,FP
